District Code,District Name,Block Code,Block Name
1,Kanchipuram,1,Kanchipuram
,Kanchipuram,2,Walajabad
,Kanchipuram,3,Uthiramerur
,Kanchipuram,4,Sriperumbudur
,Kanchipuram,5,Kundrathur
,Kanchipuram,6,Thiruporur
,Kanchipuram,7,Kattankolathur
,Kanchipuram,8,Thirukalukundram
,Kanchipuram,9,Thomas Malai
,Kanchipuram,10,Acharapakkam
,Kanchipuram,11,Madurantakam
,Kanchipuram,12,Lathur
,Kanchipuram,13,Chithamur
2,Tiruvallur,1,Villivakkam
,Tiruvallur,2,Puzhal
,Tiruvallur,3,Minjur
,Tiruvallur,4,Sholavaram
,Tiruvallur,5,Gummidipoondi
,Tiruvallur,6,Tiruvalangadu
,Tiruvallur,7,Tiruttani
,Tiruvallur,8,Pallipet
,Tiruvallur,9,R.K.Pet
,Tiruvallur,10,Tiruvallur
,Tiruvallur,11,Poondi
,Tiruvallur,12,Kadambathur
,Tiruvallur,13,Ellapuram
,Tiruvallur,14,Poonamallee
3,Cuddalore,1,Cuddalore
,Cuddalore,2,Annagramam
,Cuddalore,3,Panruti
,Cuddalore,4,Kurinjipadi
,Cuddalore,5,Kattumannar Koil
,Cuddalore,6,Kumaratchi
,Cuddalore,7,Keerapalayam
,Cuddalore,8,Melbhuvanagiri
,Cuddalore,9,Parangipettai
,Cuddalore,10,Vridhachalam
,Cuddalore,11,Kammapuram
,Cuddalore,12,Nallur
,Cuddalore,13,Mangalur
4,Villupuram,1,Tirukoilur
,Villupuram,2,Mugaiyur
,Villupuram,3,T.V. Nallur
,Villupuram,4,Tirunavalur
,Villupuram,5,Ulundurpet
,Villupuram,6,Kanai
,Villupuram,7,Koliyanur
,Villupuram,8,Kandamangalam
,Villupuram,9,Vikkiravandi
,Villupuram,10,Olakkur
,Villupuram,11,Mailam
,Villupuram,12,Merkanam
,Villupuram,13,Vanur
,Villupuram,14,Gingee
,Villupuram,15,Vallam
,Villupuram,16,Melmalayanur
,Villupuram,17,Kallakurichi
,Villupuram,18,Chinnasalem
,Villupuram,19,Rishivandiyam
,Villupuram,20,Sankarapuram
,Villupuram,21,Thiyagadurgam
,Villupuram,22,Kalrayan Hills
5,Vellore,1,Vellore
,Vellore,2,Kaniyambadi
,Vellore,3,Anaicut
,Vellore,4,Madhanur
,Vellore,5,Katpadi
,Vellore,6,K.V. Kuppam
,Vellore,7,Gudiyatham
,Vellore,8,Pernambet
,Vellore,9,Walajah
,Vellore,10,Sholinghur
,Vellore,11,Arakonam
,Vellore,12,Nemili
,Vellore,13,Kaveripakkam
,Vellore,14,Arcot
,Vellore,15,Thimiri
,Vellore,16,Thirupathur
,Vellore,17,Jolarpet
,Vellore,18,Kandhili
,Vellore,19,Natrampalli
,Vellore,20,Alangayam
6,Tiruvannamalai,1,Tiruvannamalai
,Tiruvannamalai,2,Kilpennathur
,Tiruvannamalai,3,Thurinjapuram
,Tiruvannamalai,4,Polur
,Tiruvannamalai,5,Kalasapakkam
,Tiruvannamalai,6,Chetpet
,Tiruvannamalai,7,Chengam
,Tiruvannamalai,8,Pudupalayam
,Tiruvannamalai,9,Thandrampet
,Tiruvannamalai,10,Jawadumalai
,Tiruvannamalai,11,Cheyyar
,Tiruvannamalai,12,Anakkavoor
,Tiruvannamalai,13,Vembakkam
,Tiruvannamalai,14,Vandavasi
,Tiruvannamalai,15,Thellar
,Tiruvannamalai,16,Peranamallur
,Tiruvannamalai,17,Arni
,Tiruvannamalai,18,West Arni
7,Salem,1,Salem
,Salem,2,Veerapandy
,Salem,3,Panamarathupatti
,Salem,4,Ayothiyapattinam
,Salem,5,Valapady
,Salem,6,Yercaud
,Salem,7,P.N.Palayam
,Salem,8,Attur
,Salem,9,Gangavalli
,Salem,10,Thalaivasal
,Salem,11,Kolathur
,Salem,12,Nangavalli
,Salem,13,Mecheri
,Salem,14,Omalur
,Salem,15,Tharamangalam
,Salem,16,Kadayampatti
,Salem,17,Sankari
,Salem,18,Idappady
,Salem,19,Konganapuram
,Salem,20,Mac. Choultry
8,Namakkal,1,Elacipalayam
,Namakkal,2,Erumapatty
,Namakkal,3,Kabilarmalai
,Namakkal,4,Kollihills
,Namakkal,5,Mallasamudram
,Namakkal,6,Mohanur
,Namakkal,7,Namakkal
,Namakkal,8,Namagiripet
,Namakkal,9,Puduchatram
,Namakkal,10,Paramathy
,Namakkal,11,Pallipalayam
,Namakkal,12,Rasipuram
,Namakkal,13,Sendamangalam
,Namakkal,14,Tiruchengode
,Namakkal,15,Vennandur
9,Dharmapuri,1,Dharmapuri
,Dharmapuri,2,Nallampalli
,Dharmapuri,3,Pennagaram
,Dharmapuri,4,Harur
,Dharmapuri,5,Morappur
,Dharmapuri,6,Pappireddipatti
,Dharmapuri,7,Karimangalam
,Dharmapuri,8,Palacode
10,Erode,1,Erode
,Erode,2,Modakkuruchi
,Erode,3,Kodumudi
,Erode,4,Perundurai
,Erode,5,Chennimalai
,Erode,12,Ammapet
,Erode,13,Anthiyur
,Erode,14,Bhavani
,Erode,15,Gobi
,Erode,16,Nambiyur
,Erode,17,T.N. Palayam
,Erode,18,Sathy
,Erode,19,Bhavanisagar
,Erode,20,Talavadi
11,Coimbatore,1,Karamadai
,Coimbatore,2,Madukkarai
,Coimbatore,3,P.N.Palayam
,Coimbatore,4,S.S.Kulam
,Coimbatore,5,Thondamuthur
,Coimbatore,6,Anaimalai
,Coimbatore,8,Kinathukadavu
,Coimbatore,10,Pollachi(N)
,Coimbatore,11,Pollachi(S)
,Coimbatore,13,Annur
,Coimbatore,17,Sulur
,Coimbatore,18,Sultanpet
12,The Nilgiris,1,Udhagai
,The Nilgiris,2,Coonoor
,The Nilgiris,3,Kotagiri
,The Nilgiris,4,Gudalur
13,Thanjavur,1,Thanjavur
,Thanjavur,2,Budalur
,Thanjavur,3,Thiruvaiyaru
,Thanjavur,4,Orathanadu
,Thanjavur,5,Thiruvonam
,Thanjavur,6,Kumbakonam
,Thanjavur,7,Thiruvidaimarudur
,Thanjavur,8,Tiruppanandal
,Thanjavur,9,Papanasam
,Thanjavur,10,Ammapet
,Thanjavur,11,Pattukkottai
,Thanjavur,12,Madukkur
,Thanjavur,13,Peravurani
,Thanjavur,14,Sethubavachatram
14,Nagapattinam,1,Nagapattinam
,Nagapattinam,2,Keelaiyur
,Nagapattinam,3,Kilvelur
,Nagapattinam,4,Thirumarugal
,Nagapattinam,5,Thalainayar
,Nagapattinam,6,Vedaranyam
,Nagapattinam,7,Mayiladuthurai
,Nagapattinam,8,Kuthalam
,Nagapattinam,9,Sembanarkoil
,Nagapattinam,10,Sirkali
,Nagapattinam,11,Kollidam
15,Tiruvarur,1,Valangaiman
,Tiruvarur,2,Nannilam
,Tiruvarur,3,Kodavasal
,Tiruvarur,4,Thiruvarur
,Tiruvarur,5,Koradacheri
,Tiruvarur,6,Mannargudi
,Tiruvarur,7,Needamangalam
,Tiruvarur,8,Kottur
,Tiruvarur,9,Thiruthuraipoondi
,Tiruvarur,10,Muthupettai
16,Tiruchirappalli,1,Andanallur
,Tiruchirappalli,2,Manikandam
,Tiruchirappalli,3,Thiruverambur
,Tiruchirappalli,4,Manapparai
,Tiruchirappalli,5,Marungapuri
,Tiruchirappalli,6,Vaiyampatty
,Tiruchirappalli,7,Lalgudi
,Tiruchirappalli,8,Manachanallur
,Tiruchirappalli,9,Pullampady
,Tiruchirappalli,10,Musiri
,Tiruchirappalli,11,Thottiam
,Tiruchirappalli,12,T.Pet
,Tiruchirappalli,13,Thuraiyur
,Tiruchirappalli,14,Uppiliyapuram
17,Karur,1,Karur
,Karur,2,Thanthoni
,Karur,3,Aravakurichi
,Karur,4,K.Paramathi
,Karur,5,Kulithalai
,Karur,6,Krishnarayapuram
,Karur,7,Kadavur
,Karur,8,Thogamalai
18,Perambalur,1,Perambalur
,Perambalur,2,Veppanthattai
,Perambalur,5,Alathur
,Perambalur,6,Veppur
19,Pudukkottai,1,Annavasal
,Pudukkottai,2,Arimalam
,Pudukkottai,3,Kunnandarkoil
,Pudukkottai,4,Ponnamaravathi
,Pudukkottai,5,Pudukkottai
,Pudukkottai,6,Thirumayam
,Pudukkottai,7,Viralimalai
,Pudukkottai,8,Arantangi
,Pudukkottai,9,Avudayarkoil
,Pudukkottai,10,Gandarvakottai
,Pudukkottai,11,Karambakkudi
,Pudukkottai,12,Manamelkudi
,Pudukkottai,13,Thiruvarankulam
20,Madurai,1,Madurai East
,Madurai,2,Madurai West
,Madurai,3,Thirupparankundram
,Madurai,4,Melur
,Madurai,5,Kottampatti
,Madurai,6,Vadipatti
,Madurai,7,Alanganallur
,Madurai,8,Usilampatti
,Madurai,9,Chellampatti
,Madurai,10,Sedapatti
,Madurai,11,Thirumangalam
,Madurai,12,T.Kallupatty
,Madurai,13,Kallikudi
21,Theni,1,Andipatti
,Theni,2,K Myladumparai
,Theni,3,Periyakulam
,Theni,4,Theni
,Theni,5,Bodinaickanur
,Theni,6,Chinnamanur
,Theni,7,Uthamapalayam
,Theni,8,Cumbum
22,Dindigul,1,Dindigul
,Dindigul,2,Athoor
,Dindigul,3,Reddiarchatram
,Dindigul,4,Shanarpatti
,Dindigul,5,Natham
,Dindigul,6,Nilakottai
,Dindigul,7,Batlagundu
,Dindigul,8,Palani
,Dindigul,9,Oddanchatram
,Dindigul,10,Thoppampatti
,Dindigul,11,Vedasandur
,Dindigul,12,Vadamadurai
,Dindigul,13,Guziliamparai
,Dindigul,14,Kodaikanal
23,Ramanathapuram,1,Mandapam
,Ramanathapuram,2,Ramanathapuram
,Ramanathapuram,3,R.S. Mangalam
,Ramanathapuram,4,Thiruppullani
,Ramanathapuram,5,Thiruvadanai
,Ramanathapuram,6,Bogalur
,Ramanathapuram,7,Kadaladi
,Ramanathapuram,8,Kamuthi
,Ramanathapuram,9,Mudukulathur
,Ramanathapuram,10,Nainarkoil
,Ramanathapuram,11,Paramakudi
24,Virudhunagar,1,Arupukottai
,Virudhunagar,2,Virudhunagar
,Virudhunagar,3,Kariapatti
,Virudhunagar,4,Tiruchuli
,Virudhunagar,5,Narikudi
,Virudhunagar,6,Rajapalayam
,Virudhunagar,7,Srivilliputhur
,Virudhunagar,8,Watrap
,Virudhunagar,9,Sivakasi
,Virudhunagar,10,Vembakottai
,Virudhunagar,11,Sattur
25,Sivagangai,1,Sivaganga
,Sivagangai,2,Kalaiyarkoil
,Sivagangai,3,Manamadurai
,Sivagangai,4,Thiruppuvanam
,Sivagangai,5,Ilayangudi
,Sivagangai,6,Thiruppathur
,Sivagangai,7,Singampunari
,Sivagangai,8,Sakkottai
,Sivagangai,9,Kallal
,Sivagangai,10,Devakottai
,Sivagangai,11,Kannangudi
,Sivagangai,12,S.Pudur
26,Tirunelveli,1,Palayamkottai
,Tirunelveli,2,Manur
,Tirunelveli,3,Melaneelithanallur
,Tirunelveli,4,Kuruvikulam
,Tirunelveli,5,Sankarankoil
,Tirunelveli,6,Ambasamudram
,Tirunelveli,7,Cheranmahadevi
,Tirunelveli,8,Pappakudi
,Tirunelveli,9,Kadayam
,Tirunelveli,10,Nanguneri
,Tirunelveli,11,Kalakadu
,Tirunelveli,12,Valliyoor
,Tirunelveli,13,Radhapuram
,Tirunelveli,14,Alankulam
,Tirunelveli,15,Keelapavoor
,Tirunelveli,16,Kadayanallur
,Tirunelveli,17,Shencottai
,Tirunelveli,18,Tenkasi
,Tirunelveli,19,Vasudevanallur
27,Thoothukkudi,1,Thoothukudi
,Thoothukkudi,2,Karungulam
,Thoothukkudi,3,Srivaikundam
,Thoothukkudi,4,Alwarthirunagari
,Thoothukkudi,5,Tiruchendur
,Thoothukkudi,6,Udangudi
,Thoothukkudi,7,Sattankulam
,Thoothukkudi,8,Kovilpatti
,Thoothukkudi,9,Kayathar
,Thoothukkudi,10,Ottapidaram
,Thoothukkudi,11,Vilathikulam
,Thoothukkudi,12,Pudur
28,Kanniyakumari,1,Agastheeswaram
,Kanniyakumari,2,Thovalai
,Kanniyakumari,3,Rajakkamangalam
,Kanniyakumari,4,Thuckalay
,Kanniyakumari,5,Kurunthancode
,Kanniyakumari,6,Thiruvattar
,Kanniyakumari,7,Killiyoor
,Kanniyakumari,8,Munchirai
,Kanniyakumari,9,Melpuram
30,Krishnagiri,1,Krishnagiri
,Krishnagiri,2,Kaveripattanam
,Krishnagiri,3,Veppanapalli
,Krishnagiri,4,Bargur
,Krishnagiri,5,Mathur
,Krishnagiri,6,Uthangarai
,Krishnagiri,7,Hosur
,Krishnagiri,8,Shoolagiri
,Krishnagiri,9,Kelamangalam
,Krishnagiri,10,Thally
31,Ariyalur,3,Ariyalur
,Ariyalur,4,Thirumanur
,Ariyalur,7,Jayamkondam
,Ariyalur,8,Andimadam
,Ariyalur,9,T.Palur
,Ariyalur,10,Sendurai
32,Tirupur,6,Uthukuli
,Tirupur,7,Gudimangalam
,Tirupur,8,Vellakoil
,Tirupur,9,Madathukulam
,Tirupur,10,Kundadam
,Tirupur,11,Mulanur
,Tirupur,12,Udumalpet
,Tirupur,14,Avinashi
,Tirupur,15,Palladam
,Tirupur,16,Pongalur
,Tirupur,19,Tiruppur
,Tirupur,20,Kangayam
,Tirupur,21,Dharapuram