UHID,DOCID,DOCDATE,DOCTIME,BILLAMT,CONC,TOPAY,BILLTYPE,PATIENT_DETAILS,DOCTOR_NAME,SPECIALITY,OPNO,AGE,SEX,CORPORATE,NETWORKPARTNER,CASE_TYPE,CITY,PAT_TYPE
HC170000024290,OPBHC190043920,01-01-20,11:01:40,250,0,250,Cash,"Mr. Shakir Ali M, 67Y/M,  .",ASN,Cardiology,OP0000154078,67,M,,,Check Up,TRICHY,OP
HC170000024290,OPBHC190043926,01-01-20,13:01:56,1600,0,1600,Cash,"Mr. Shakir Ali M, 67Y/M,  .",ASN,Cardiology,OP0000154078,67,M,,,Check Up,TRICHY,OP
HC170000032290,AIPHC19020813,01-01-20,13:01:48,1675,0,1675,Cash,Kavitha L,ASN,Cardiology,IP0000012570,45,F,,"Dr.  Anand Subramaniyan, MD, DM",CAD,TRICHY,IP
HC170000032290,IIOHC19053888,01-01-20,13:01:48,70,0,70,Cash,Kavitha L,ASN,Cardiology,IP0000012570,45,F,,"Dr.  Anand Subramaniyan, MD, DM",CAD,TRICHY,IP
HC170000032290,IIOHC19053957,01-01-20,13:01:48,180,0,180,Cash,Kavitha L,ASN,Cardiology,IP0000012570,45,F,,"Dr.  Anand Subramaniyan, MD, DM",CAD,TRICHY,IP
HC170000032290,IPBHC190011477,01-01-20,13:01:48,200,0,200,Cash,Kavitha L,ASN,Cardiology,IP0000012570,45,F,,"Dr.  Anand Subramaniyan, MD, DM",CAD,TRICHY,IP
HC170000032290,IPBHC190011481,01-01-20,13:01:48,1500,0,1500,Cash,Kavitha L,ASN,Cardiology,IP0000012570,45,F,,"Dr.  Anand Subramaniyan, MD, DM",CAD,TRICHY,IP
HC170000032290,IPBHC190011482,01-01-20,13:01:48,1500,0,1500,Cash,Kavitha L,ASN,Cardiology,IP0000012570,45,F,,"Dr.  Anand Subramaniyan, MD, DM",CAD,TRICHY,IP
HC170000032290,IPBHC190011491,01-01-20,13:01:48,1200,0,1200,Cash,Kavitha L,ASN,Cardiology,IP0000012570,45,F,,"Dr.  Anand Subramaniyan, MD, DM",CAD,TRICHY,IP
HC170000032290,IPBHC190011526,01-01-20,13:01:48,775,0,775,Cash,Kavitha L,ASN,Cardiology,IP0000012570,45,F,,"Dr.  Anand Subramaniyan, MD, DM",CAD,TRICHY,IP
HC170000032290,IRCHC1909160,01-01-20,13:01:48,0,0,0,Cash,Kavitha L,ASN,Cardiology,IP0000012570,45,F,,"Dr.  Anand Subramaniyan, MD, DM",CAD,TRICHY,IP
HC170000032290,IRCHC1909179,01-01-20,13:01:48,0,0,0,Cash,Kavitha L,ASN,Cardiology,IP0000012570,45,F,,"Dr.  Anand Subramaniyan, MD, DM",CAD,TRICHY,IP
HC170000032290,OPBHC190043916,01-01-20,10:01:38,375,0,375,Cash,"Mrs. Kavitha L, 42Y/F, W/O. Loganathan.",ASN,Cardiology,OP0000154076,45,F,,,Check Up,TRICHY,OP
HC170000032290,SA2HC190007928,01-01-20,13:01:48,297,0,297,Cash,Kavitha L,ASN,Cardiology,IP0000012570,45,F,,"Dr.  Anand Subramaniyan, MD, DM",CAD,TRICHY,IP
HC170000032290,SA2HC190007973,01-01-20,13:01:48,160,0,160,Cash,Kavitha L,ASN,Cardiology,IP0000012570,45,F,,"Dr.  Anand Subramaniyan, MD, DM",CAD,TRICHY,IP
HC170000051745,OPBHC190043913,01-01-20,9:01:36,530,0,530,Cash,"Mr. Raman Poosari P, 74Y/M, S/O. Peyan Poosari.",ASN,Cardiology,OP0000154074,74,M,,,Check Up,TRICHY,OP
HC180000059393,OPBHC190043906,01-01-20,8:01:19,100,0,100,Cash,"Mr. Govindan P, 74Y/M, S/O. Poosari.",VBS,Cardiology,OP0000154069,74,M,,,Check Up,TRICHY,OP
HC180000061958,OPBHC190043942,01-01-20,16:01:39,100,0,100,Cash,"Mr. Senthil Kumar B, 42Y/M, S/O. Balasubramani.",VBS,Cardiology,OP0000154093,42,M,,,Check Up,TRICHY,OP
