PAtTYPE,UHID,OPNO,PATIENT,AGE,SEX,CORPORATE,BILL NO,BILL DT,SERVICENAME,BILLAMT,CONC,TOPAY,BILLTYPE,DR,DEPT,COMBINEDCARE,CASE_TYPE,CITY_NAME,LOCATION
OP,UH3101440006361,OP3101660002433,Pat Name,40,Male,,OPBCN190107488,26-Dec-19,ELEXXXXXX,110,0,110,Cash,Dr Jack,GenXXXX,combinedcarename,Check Up,Ramanathapuram,RAMANATHAPURAM
OP,UH3130990004405,OP3153770004350,Pat Name,55,Male,,OPBCN190107806,26-Dec-19,ELEXXXXXX,110,11,99,Cash,Dr Jack,GenXXXX,combinedcarename,Check Up,Thanjavur,THANJAVUR
OP,UH3545220003295,OP3545990003302,Pat Name,80,Male,,OPBCN190107324,25-Dec-19,ELEXXXXXX,110,0,110,Cash,Dr Jack,GenXXXX,combinedcarename,Check Up,Tiruchirappalli,TIRUCHIRAPPALLI
OP,UH3294440003085,OP3294550005192,Pat Name,49,Female,,OPBCN190107207,25-Dec-19,ELEXXXXXX,110,0,110,Cash,Dr Jack,GenXXXX,combinedcarename,Check Up,Tiruchirappalli,TIRUCHIRAPPALLI
IP,UH3620110007295,OP3621660004283,Pat Name,76,Male,,OPBCN190107719,26-Dec-19,ELEXXXXXX,110,0,110,Cash,Dr Jack,GenXXXX,combinedcarename,Check Up,Tiruchirappalli,TIRUCHIRAPPALLI
IP,UH30010088,OP3180660004979,Pat Name,68,Female,,OPBCN190107809,26-Dec-19,ELEXXXXXX,110,0,110,Cash,Dr Jack,GenXXXX,combinedcarename,Check Up,Tiruchirappalli,TIRUCHIRAPPALLI
IP,UH3847330005551,OP3877440002824,Pat Name,80,Female,,OPBCN190107456,25-Dec-19,ELEXXXXXX,110,0,110,Cash,Dr Jack,GenXXXX,combinedcarename,Check Up,Kerala,KERALA
IP,UH3242990004656,OP3243110003910,Pat Name,5,Male,,OPBCN190107197,25-Dec-19,ELEXXXXXX,110,0,110,Cash,Dr David,PaeXXXX,combinedcarename,Check Up,Tiruvarur,TIRUVARUR
IP,UH3245880003340,OP3245990002610,Pat Name,2,Male,,OPBCN190107198,25-Dec-19,ELEXXXXXX,110,0,110,Cash,Dr David,PaeXXXX,combinedcarename,Check Up,Tiruvarur,TIRUVARUR
IP,UH3259880003149,OP3260330005360,Pat Name,35,Male,,OPBCN190107231,25-Dec-19,LacXXXXXX,415,0,415,Cash,Dr Kishore,MedXXXX,combinedcarename,Check Up,Tiruchirappalli,TIRUCHIRAPPALLI
IP,UH3098770003681,OP3100110003335,Pat Name,1,Female,,OPBCN190107802,26-Dec-19,LacXXXXXX,415,0,415,Cash,Dr Neha,PedXXXX,combinedcarename,Check Up,Pudukkottai,PUDUKKOTTAI
IP,UH3815880003369,OP3148880004839,Pat Name,2,Male,,OPBCN190107804,26-Dec-19,BilXXXXXX,160,0,160,Cash,Dr David,PaeXXXX,combinedcarename,Check Up,Pudukkottai,PUDUKKOTTAI
IP,UH3105770002641,OP3517550005158,Pat Name,15,Male,,OPBCN190107309,25-Dec-19,BilXXXXXX,160,0,160,Cash,Dr David,PaeXXXX,combinedcarename,Check Up,Thanjavur,THANJAVUR
IP,UH3847330005551,OP3991770003607,Pat Name,80,Female,,OPBCN190107468,25-Dec-19,RMOXXXXXX,100,0,100,Cash,Dr John,HepXXXX,combinedcarename,Check Up,Kerala,KERALA
IP,UH3294440003085,OP3664010004062,Pat Name,49,Female,,OPBCN190107396,25-Dec-19,RMOXXXXXX,100,0,100,Cash,Dr Jack,GenXXXX,combinedcarename,Check Up,Tiruchirappalli,TIRUCHIRAPPALLI
IP,UH30028692,OP3235990003758,Pat Name,30,Male,,OPBCN190107194,25-Dec-19,RMOXXXXXX,100,0,100,Cash,Dr Jack,GenXXXX,combinedcarename,Check Up,Tiruchirappalli,TIRUCHIRAPPALLI
IP,UH3874660004480,OP3025330004304,Pat Name,27,Female,,OPBCN190107178,25-Dec-19,RMOXXXXXX,100,0,100,Cash,Dr Jack,GenXXXX,combinedcarename,Check Up,Tiruchirappalli,TIRUCHIRAPPALLI
IP,UH3883440006027,OP3883660004680,Pat Name,40,Female,,OPBCN190107445,25-Dec-19,RMOXXXXXX,100,0,100,Cash,Dr Jack,GenXXXX,combinedcarename,Check Up,Tiruchirappalli,TIRUCHIRAPPALLI
IP,UH30030438,OP3840990004564,Pat Name,48,Male,,OPBCN190107429,25-Dec-19,RMOXXXXXX,100,0,100,Cash,Dr Jack,GenXXXX,combinedcarename,Check Up,Tiruchirappalli,TIRUCHIRAPPALLI
IP,UH36615000000814,OP3389110003176,Pat Name,34,Male,,OPBCN190107531,26-Dec-19,RMOXXXXXX,100,0,100,Cash,Dr Jack,GenXXXX,combinedcarename,Check Up,Tiruchirappalli,TIRUCHIRAPPALLI
IP,UH3081990003280,OP3082770002523,Pat Name,26,Female,CC40668000000329,OPBCN190107484,25-Dec-19,RMOXXXXXX,100,0,100,Credit,Dr Jack,GenXXXX,combinedcarename,Check Up,Tiruchirappalli,TIRUCHIRAPPALLI
IP,UH3063330003465,OP3066330004059,Pat Name,22,Female,CC40668000000329,OPBCN190107799,26-Dec-19,RMOXXXXXX,100,0,100,Credit,Dr Jack,GenXXXX,combinedcarename,Check Up,Tiruchirappalli,TIRUCHIRAPPALLI
IP,UH3787110005524,OP3788440004277,Pat Name,27,Male,CC40668000000329,OPBCN190107725,26-Dec-19,RMOXXXXXX,100,0,100,Credit,Dr Jack,GenXXXX,combinedcarename,Check Up,Tiruchirappalli,TIRUCHIRAPPALLI
IP,UH3351660003188,OP3671550006941,Pat Name,85,Female,,OPBCN190107676,26-Dec-19,RMOXXXXXX,100,0,100,Cash,Dr Jack,GenXXXX,combinedcarename,Check Up,Thoothukudi,THOOTHUKUDI
IP,UH3168770003339,OP3153330003659,Pat Name,35,Female,,OPBCN190107491,26-Dec-19,RMOXXXXXX,100,0,100,Cash,Dr Jack,GenXXXX,combinedcarename,Check Up,Tiruchirappalli,TIRUCHIRAPPALLI
IP,UH30022017,OP3047660003021,Pat Name,69,Male,,OPBCN190107795,26-Dec-19,RMOXXXXXX,100,0,100,Cash,Dr Jack,GenXXXX,combinedcarename,Acute Respiratory Distress,Tiruchirappalli,TIRUCHIRAPPALLI
IP,UH3764330008091,OP3778660002660,Pat Name,60,Female,,OPBCN190107794,26-Dec-19,RMOXXXXXX,100,0,100,Cash,Dr Jack,GenXXXX,combinedcarename,Check Up,Tiruchirappalli,TIRUCHIRAPPALLI
IP,UH3908010003451,OP3910660005067,Pat Name,28,Male,CC40668000000329,OPBCN190107764,26-Dec-19,RMOXXXXXX,100,0,100,Credit,Dr Jack,GenXXXX,combinedcarename,Acute Febrile Illness,Tiruchirappalli,TIRUCHIRAPPALLI
IP,UH3085440003706,OP3086990005390,Pat Name,25,Male,CC40668000000329,OPBCN190107485,26-Dec-19,RMOXXXXXX,100,0,100,Credit,Dr Jack,GenXXXX,combinedcarename,Check Up,Tiruchirappalli,TIRUCHIRAPPALLI
IP,UH3446220004846,OP3447330002484,Pat Name,29,Male,,OPBCN190107550,26-Dec-19,AudXXXXXX,350,0,350,Cash,Dr Jack,GenXXXX,combinedcarename,Check Up,Tiruchirappalli,TIRUCHIRAPPALLI
IP,UH3466880004387,OP3467440004660,Pat Name,37,Male,,OPBCN190107305,25-Dec-19,AudXXXXXX,350,0,350,Cash,Dr Mukesh,ENTXXXX,combinedcarename,Check Up,Tiruchirappalli,TIRUCHIRAPPALLI
IP,UH3566660002995,OP3568010004452,Pat Name,47,Male,,OPBCN190107665,26-Dec-19,AudXXXXXX,350,0,350,Cash,Dr Mukesh,ENTXXXX,combinedcarename,Check Up,Tiruchirappalli,TIRUCHIRAPPALLI
IP,UH3355880003033,OP3626990002598,Pat Name,35,Female,,OPBCN190107378,25-Dec-19,DocXXXXXX,100,0,100,Cash,Dr Jack,GenXXXX,combinedcarename,Acute Febrile Illness,Tiruchirappalli,TIRUCHIRAPPALLI
IP,UH3826220003294,OP3493010003107,Pat Name,79,Male,,OPBCN190107808,26-Dec-19,DocXXXXXX,350,0,350,Cash,Dr Neha,UroXXXX,combinedcarename,Check Up,Tiruchirappalli,TIRUCHIRAPPALLI
IP,UH38420000003136,OP3485660002886,Pat Name,38,Male,,OPBCN190107566,26-Dec-19,DocXXXXXX,200,0,200,Cash,Dr Ramesh,DiaXXXX,combinedcarename,Check Up,Tiruchirappalli,TIRUCHIRAPPALLI
IP,UH37753000001472,OP3804010003531,Pat Name,42,Male,,OPBCN190107422,25-Dec-19,DocXXXXXX,500,0,500,Cash,Dr Raj,RadXXXX,combinedcarename,Check Up,Tiruchirappalli,TIRUCHIRAPPALLI
IP,UH3523010003019,OP3524990002841,Pat Name,2,Male,,OPBCN190107585,26-Dec-19,DocXXXXXX,250,0,250,Cash,Dr David,PaeXXXX,combinedcarename,Check Up,Vriddhachalam,VRIDDHACHALAM
IP,UH3407660002293,OP3451660003640,Pat Name,2,Male,,OPBCN190107294,25-Dec-19,DocXXXXXX,250,0,250,Cash,Dr David,PaeXXXX,combinedcarename,Check Up,Perambalur,PERAMBALUR
IP,UH30009716,OP3511110004317,Pat Name,10,Male,,OPBCN190107306,25-Dec-19,DocXXXXXX,250,0,250,Cash,Dr David,PaeXXXX,combinedcarename,Check Up,Perambalur,PERAMBALUR
IP,UH3902660002948,OP3432110004253,Pat Name,11,Male,,OPBCN190107263,25-Dec-19,DocXXXXXX,250,0,250,Cash,Dr David,PaeXXXX,combinedcarename,Check Up,Pudukkottai,PUDUKKOTTAI
IP,UH31142000001826,OP3862220003757,Pat Name,3,Female,,OPBCN190107436,25-Dec-19,DocXXXXXX,250,0,250,Cash,Dr David,PaeXXXX,combinedcarename,Check Up,Pudukkottai,PUDUKKOTTAI
IP,UH3586010002906,OP3771660005253,Pat Name,12,Male,,OPBCN190107721,26-Dec-19,DocXXXXXX,250,0,250,Cash,Dr David,PaeXXXX,combinedcarename,Check Up,Pudukkottai,PUDUKKOTTAI
IP,UH37053000002167,OP3500660004516,Pat Name,1,Female,,OPBCN190107573,26-Dec-19,DocXXXXXX,250,0,250,Cash,Dr David,PaeXXXX,combinedcarename,Check Up,Ariyalur,ARIYALUR
IP,UH31550000001355,OP3695010004149,Pat Name,1,Male,,OPBCN190107404,25-Dec-19,DocXXXXXX,250,0,250,Cash,Dr David,PaeXXXX,combinedcarename,Check Up,Lalgudi,LALGUDI
IP,UH30038456,OP3468010003994,Pat Name,4,Female,,OPBCN190107281,25-Dec-19,DocXXXXXX,250,0,250,Cash,Dr David,PaeXXXX,combinedcarename,Check Up,Tiruchirappalli,TIRUCHIRAPPALLI
IP,UH3774770004381,OP3775990004640,Pat Name,3,Male,,OPBCN190107416,25-Dec-19,DocXXXXXX,250,0,250,Cash,Dr David,PaeXXXX,combinedcarename,Check Up,Tiruchirappalli,TIRUCHIRAPPALLI
IP,UH3282770003738,OP3630440003547,Pat Name,3,Male,,OPBCN190107382,25-Dec-19,DocXXXXXX,250,0,250,Cash,Dr David,PaeXXXX,combinedcarename,Check Up,Tiruchirappalli,TIRUCHIRAPPALLI
IP,UH3478220003830,OP3479010003466,Pat Name,3,Female,,OPBCN190107287,25-Dec-19,DocXXXXXX,250,0,250,Cash,Dr David,PaeXXXX,combinedcarename,Check Up,Tiruchirappalli,TIRUCHIRAPPALLI
IP,UH38849000001793,OP3500330003280,Pat Name,1,Male,,OPBCN190107299,25-Dec-19,DocXXXXXX,250,0,250,Cash,Dr David,PaeXXXX,combinedcarename,Check Up,Tiruchirappalli,TIRUCHIRAPPALLI
IP,UH30160618,OP3919110006461,Pat Name,1,Female,,OPBCN190107457,25-Dec-19,DocXXXXXX,250,0,250,Cash,Dr David,PaeXXXX,combinedcarename,Check Up,Tiruchirappalli,TIRUCHIRAPPALLI
IP,UH3573990006560,OP3619550003915,Pat Name,8,Male,,OPBCN190107374,25-Dec-19,DocXXXXXX,250,0,250,Cash,Dr David,PaeXXXX,combinedcarename,Check Up,Tiruchirappalli,TIRUCHIRAPPALLI
IP,UH36899000001520,OP3484990003908,Pat Name,1,Female,,OPBCN190107290,25-Dec-19,DocXXXXXX,250,0,250,Cash,Dr David,PaeXXXX,combinedcarename,Check Up,Tiruchirappalli,TIRUCHIRAPPALLI
IP,UH3605330006275,OP3606110003877,Pat Name,1,Female,,OPBCN190107364,25-Dec-19,DocXXXXXX,250,0,250,Cash,Dr David,PaeXXXX,combinedcarename,Check Up,Tiruchirappalli,TIRUCHIRAPPALLI
IP,UH3057010003557,OP3057220003116,Pat Name,3,Male,,OPBCN190107483,25-Dec-19,DocXXXXXX,350,0,350,Cash,Dr David,PaeXXXX,combinedcarename,Check Up,Tiruchirappalli,TIRUCHIRAPPALLI
IP,UH34647000001133,OP3572550003333,Pat Name,1,Female,,OPBCN190107612,26-Dec-19,DocXXXXXX,250,0,250,Cash,Dr David,PaeXXXX,combinedcarename,Check Up,Tiruchirappalli,TIRUCHIRAPPALLI
IP,UH37566000002277,OP3840010003117,Pat Name,4,Female,,OPBCN190107738,26-Dec-19,DocXXXXXX,250,0,250,Cash,Dr David,PaeXXXX,combinedcarename,Check Up,Tiruchirappalli,TIRUCHIRAPPALLI
IP,UH3188110004152,OP3188440002781,Pat Name,2,Male,,OPBCN190107492,26-Dec-19,DocXXXXXX,350,0,350,Cash,Dr David,PaeXXXX,combinedcarename,Check Up,Tiruchirappalli,TIRUCHIRAPPALLI
IP,UH3736440004736,OP3455440007011,Pat Name,1,Female,,OPBCN190107554,26-Dec-19,DocXXXXXX,250,0,250,Cash,Dr David,PaeXXXX,combinedcarename,Check Up,Tiruchirappalli,TIRUCHIRAPPALLI
IP,UH33727000002065,OP3775550003323,Pat Name,2,Male,,OPBCN190107723,26-Dec-19,DocXXXXXX,250,0,250,Cash,Dr David,PaeXXXX,combinedcarename,Check Up,Tiruchirappalli,TIRUCHIRAPPALLI
IP,UH37283000002479,OP3640220003375,Pat Name,4,Female,,OPBCN190107645,26-Dec-19,DocXXXXXX,250,0,250,Cash,Dr David,PaeXXXX,combinedcarename,Check Up,Tiruchirappalli,TIRUCHIRAPPALLI
IP,UH30287000000932,OP3648110003023,Pat Name,1,Female,,OPBCN190107652,26-Dec-19,DocXXXXXX,250,0,250,Cash,Dr David,PaeXXXX,combinedcarename,Check Up,Tiruchirappalli,TIRUCHIRAPPALLI
IP,UH30137231,OP3580110003353,Pat Name,7,Female,,OPBCN190107616,26-Dec-19,DocXXXXXX,250,0,250,Cash,Dr David,PaeXXXX,combinedcarename,Check Up,Tiruchirappalli,TIRUCHIRAPPALLI
IP,UH3055770002977,OP3753110006479,Pat Name,2,Male,,OPBCN190107718,26-Dec-19,DocXXXXXX,250,0,250,Cash,Dr David,PaeXXXX,combinedcarename,Check Up,Tiruchirappalli,TIRUCHIRAPPALLI
IP,UH3682440002744,OP3844880003883,Pat Name,1,Male,,OPBCN190107745,26-Dec-19,DocXXXXXX,250,0,250,Cash,Dr David,PaeXXXX,combinedcarename,Check Up,Tiruchirappalli,TIRUCHIRAPPALLI
IP,UH36139000000484,OP3455770003267,Pat Name,6,Female,,OPBCN190107289,25-Dec-19,DocXXXXXX,250,0,250,Cash,Dr David,PaeXXXX,combinedcarename,Check Up,Trichy,TRICHY
IP,UH30146601,OP3492990004085,Pat Name,2,Female,,OPBCN190107572,26-Dec-19,DocXXXXXX,250,0,250,Cash,Dr David,PaeXXXX,combinedcarename,Check Up,Trichy,TRICHY
IP,UH3801880005545,OP3802990003414,Pat Name,2,Female,,OPBCN190107730,26-Dec-19,DocXXXXXX,250,0,250,Cash,Dr David,PaeXXXX,combinedcarename,Check Up,Turaiyur,TURAIYUR
IP,UH3557110004821,OP3558660003700,Pat Name,2,Female,,OPBCN190107608,26-Dec-19,DocXXXXXX,250,0,250,Cash,Dr David,PaeXXXX,combinedcarename,Check Up,Kanyakumari,KANYAKUMARI
IP,UH30091739,OP3432880003735,Pat Name,26,Female,,OPBCN190107264,25-Dec-19,DocXXXXXX,300,0,300,Cash,Dr Raj,ObsXXXX,combinedcarename,Check Up,Pondicherry,PONDICHERRY
IP,UH31702000001956,OP3448990003766,Pat Name,35,Female,,OPBCN190107272,25-Dec-19,DocXXXXXX,300,0,300,Cash,Dr Raj,ObsXXXX,combinedcarename,Check Up,Chennai,CHENNAI
IP,UH3650660004954,OP3699660006298,Pat Name,30,Female,,OPBCN190107693,26-Dec-19,DocXXXXXX,300,0,300,Cash,Dr Raj,ObsXXXX,combinedcarename,Check Up,Pudukkottai,PUDUKKOTTAI
IP,UH30161686,OP3528440004958,Pat Name,34,Female,,OPBCN190107638,26-Dec-19,DocXXXXXX,300,0,300,Cash,Dr Raj,ObsXXXX,combinedcarename,Check Up,Pudukkottai,PUDUKKOTTAI
IP,UH3482330003706,OP3483220004004,Pat Name,49,Female,,OPBCN190107330,25-Dec-19,DocXXXXXX,350,0,350,Cash,Dr Raj,ObsXXXX,combinedcarename,Check Up,Tiruchirappalli,TIRUCHIRAPPALLI
IP,UH37715000001820,OP3581660005288,Pat Name,24,Female,,OPBCN190107342,25-Dec-19,DocXXXXXX,300,0,300,Cash,Dr Raj,ObsXXXX,combinedcarename,Check Up,Tiruchirappalli,TIRUCHIRAPPALLI
IP,UH3128660002660,OP3130660005237,Pat Name,23,Female,,OPBCN190107282,25-Dec-19,DocXXXXXX,200,0,200,Cash,Dr Raj,ObsXXXX,combinedcarename,Check Up,Tiruchirappalli,TIRUCHIRAPPALLI
IP,UH3978220004374,OP3979660002834,Pat Name,46,Female,,OPBCN190107432,25-Dec-19,DocXXXXXX,1500,0,1500,Cash,Dr Raj,ObsXXXX,combinedcarename,Check Up,Tiruchirappalli,TIRUCHIRAPPALLI
IP,UH30084338,OP3424110003840,Pat Name,36,Female,,OPBCN190107258,25-Dec-19,DocXXXXXX,500,0,500,Cash,Dr Raj,ObsXXXX,combinedcarename,Check Up,Tiruchirappalli,TIRUCHIRAPPALLI
IP,UH30178371,OP3650220004774,Pat Name,41,Female,,OPBCN190107685,26-Dec-19,DocXXXXXX,500,0,500,Cash,Dr Raj,ObsXXXX,combinedcarename,Check Up,Tiruchirappalli,TIRUCHIRAPPALLI
IP,UH33484000002142,OP3688990003970,Pat Name,37,Female,,OPBCN190107687,26-Dec-19,DocXXXXXX,350,0,350,Cash,Dr Raj,ObsXXXX,combinedcarename,Check Up,Tiruchirappalli,TIRUCHIRAPPALLI
IP,UH39863000001003,OP3461770003391,Pat Name,26,Female,,OPBCN190107318,25-Dec-19,DocXXXXXX,350,0,350,Cash,Dr Raj,ObsXXXX,combinedcarename,Check Up,Trichy,TRICHY
IP,UH3620770002907,OP3622110003178,Pat Name,29,Female,,OPBCN190107659,26-Dec-19,DocXXXXXX,250,0,250,Cash,Dr Raj,ObsXXXX,combinedcarename,Check Up,Tuticorin,TUTICORIN
IP,UH3982440004830,OP3983110003658,Pat Name,5,Male,,OPBCN190107780,26-Dec-19,DocXXXXXX,300,0,300,Cash,Dr Mukesh,ENTXXXX,combinedcarename,Check Up,Tiruchirappalli,TIRUCHIRAPPALLI
IP,UH30128029,OP3450880002942,Pat Name,29,Male,,OPBCN190107551,26-Dec-19,DocXXXXXX,200,0,200,Cash,Dr Sam,DenXXXX,combinedcarename,Check Up,Tiruchirappalli,TIRUCHIRAPPALLI