PAtTYPE,UHID,OPNO,PATIENT,AGE,SEX,CORPORATE,BILL NO,BILL DT,SERVICENAME,BILLAMT,CONC,TOPAY,BILLTYPE,DR,DEPT,COMBINEDCARE,CASE_TYPE,CITY_NAME,LOCATION
OP,UH3130990004405,OP3153770004350,Pat Name,55,Male,,OPBCN190107806,26-Dec-19,ScrXXXXXX,675,67.5,607.5,Cash,Dr Jack,GenXXXX,combinedcarename,Check Up,Thanjavur,THANJAVUR
OP,UH3792880004335,OP3637770003880,Pat Name,46,Male,,OPBCN190107641,26-Dec-19,HipXXXXXX,550,0,550,Cash,Dr Bala,OrtXXXX,combinedcarename,Acute Limb Ischemia,Perambalur,PERAMBALUR
OP,UH31507000000800,OP3537550004589,Pat Name,83,Male,,OPBCN190107611,26-Dec-19,HipXXXXXX,550,0,550,Cash,Dr Bala,OrtXXXX,combinedcarename,Check Up,Nagapattinam,NAGAPATTINAM
OP,UH3910220004555,OP3910880003728,Pat Name,83,Male,,OPBCN190107773,26-Dec-19,CheXXXXXX,380,0,380,Cash,Dr Bala,OrtXXXX,combinedcarename,Check Up,Tiruchirappalli,TIRUCHIRAPPALLI
OP,UH34197000001350,OP3034110002901,Pat Name,58,Male,,OPBCN190107180,25-Dec-19,CheXXXXXX,380,0,380,Cash,Dr Jack,GenXXXX,combinedcarename,Check Up,Tiruchirappalli,TIRUCHIRAPPALLI
OP,UH39719000001267,OP3889880007736,Pat Name,64,Male,,OPBCN190107753,26-Dec-19,CheXXXXXX,380,76,304,Cash,Dr Jack,GenXXXX,combinedcarename,Check Up,Tiruchirappalli,TIRUCHIRAPPALLI
OP,UH3573770005120,OP3503110003426,Pat Name,40,Female,,OPBCN190107300,25-Dec-19,MinXXXXXX,300,0,300,Cash,Dr. Ram,PlaXXXX,combinedcarename,Check Up,Thanjavur,THANJAVUR
OP,UH3986220002164,OP3815330004796,Pat Name,68,Male,,OPBCN190107732,26-Dec-19,MinXXXXXX,300,0,300,Cash,Dr. Ram,PlaXXXX,combinedcarename,Check Up,Nagapattinam,NAGAPATTINAM
OP,UH3663110004093,OP3607110004619,Pat Name,27,Male,,OPBCN190107366,25-Dec-19,MinXXXXXX,300,0,300,Cash,Dr. Ram,PlaXXXX,combinedcarename,Check Up,Tiruvarur,TIRUVARUR
OP,UH3421010003489,OP3421770003337,Pat Name,57,Male,,OPBCN190107278,25-Dec-19,ELEXXXXXX,110,0,110,Cash,Dr Jack,GenXXXX,combinedcarename,Check Up,Pudukkottai,PUDUKKOTTAI
OP,UH30473000001690,OP3298440003915,Pat Name,66,Male,,OPBCN190107189,25-Dec-19,ELEXXXXXX,110,0,110,Cash,Dr Jack,GenXXXX,combinedcarename,Check Up,Thanjavur,THANJAVUR
OP,UH3795010008770,OP3451770005736,Pat Name,71,Male,,OPBCN190107274,25-Dec-19,ELEXXXXXX,110,0,110,Cash,Dr Jack,GenXXXX,combinedcarename,Check Up,Tiruchirappalli,TIRUCHIRAPPALLI
OP,UH3669660004593,OP3670220005133,Pat Name,45,Female,,OPBCN190107713,26-Dec-19,ELEXXXXXX,110,0,110,Cash,Dr Jack,GenXXXX,combinedcarename,Check Up,Tiruchirappalli,TIRUCHIRAPPALLI
OP,UH3100880005010,OP3111220005187,Pat Name,33,Male,,OPBCN190107490,26-Dec-19,ELEXXXXXX,110,0,110,Cash,Dr Jack,GenXXXX,combinedcarename,Check Up,Dindigul,DINDIGUL
OP,UH3168330003509,OP3152550008849,Pat Name,37,Male,,OPBCN190107810,26-Dec-19,ELEXXXXXX,110,0,110,Cash,Dr Jack,GenXXXX,combinedcarename,Check Up,Perambalur,PERAMBALUR
OP,UH3012990002804,OP3013220003270,Pat Name,24,Male,,OPBCN190107471,25-Dec-19,ELEXXXXXX,110,0,110,Cash,Dr Jack,GenXXXX,combinedcarename,Check Up,Pudukkottai,PUDUKKOTTAI
OP,UH3101440006361,OP3101660002433,Pat Name,40,Male,,OPBCN190107488,26-Dec-19,ELEXXXXXX,110,0,110,Cash,Dr Jack,GenXXXX,combinedcarename,Check Up,Ramanathapuram,RAMANATHAPURAM
OP,UH3130990004405,OP3153770004350,Pat Name,55,Male,,OPBCN190107806,26-Dec-19,ELEXXXXXX,110,11,99,Cash,Dr Jack,GenXXXX,combinedcarename,Check Up,Thanjavur,THANJAVUR
OP,UH3545220003295,OP3545990003302,Pat Name,80,Male,,OPBCN190107324,25-Dec-19,ELEXXXXXX,110,0,110,Cash,Dr Jack,GenXXXX,combinedcarename,Check Up,Tiruchirappalli,TIRUCHIRAPPALLI
OP,UH3294440003085,OP3294550005192,Pat Name,49,Female,,OPBCN190107207,25-Dec-19,ELEXXXXXX,110,0,110,Cash,Dr Jack,GenXXXX,combinedcarename,Check Up,Tiruchirappalli,TIRUCHIRAPPALLI
IP,UH3620110007295,OP3621660004283,Pat Name,76,Male,,OPBCN190107719,26-Dec-19,ELEXXXXXX,110,0,110,Cash,Dr Jack,GenXXXX,combinedcarename,Check Up,Tiruchirappalli,TIRUCHIRAPPALLI
IP,UH30010088,OP3180660004979,Pat Name,68,Female,,OPBCN190107809,26-Dec-19,ELEXXXXXX,110,0,110,Cash,Dr Jack,GenXXXX,combinedcarename,Check Up,Tiruchirappalli,TIRUCHIRAPPALLI
IP,UH3847330005551,OP3877440002824,Pat Name,80,Female,,OPBCN190107456,25-Dec-19,ELEXXXXXX,110,0,110,Cash,Dr Jack,GenXXXX,combinedcarename,Check Up,Kerala,KERALA
IP,UH3242990004656,OP3243110003910,Pat Name,5,Male,,OPBCN190107197,25-Dec-19,ELEXXXXXX,110,0,110,Cash,Dr David,PaeXXXX,combinedcarename,Check Up,Tiruvarur,TIRUVARUR
IP,UH3245880003340,OP3245990002610,Pat Name,2,Male,,OPBCN190107198,25-Dec-19,ELEXXXXXX,110,0,110,Cash,Dr David,PaeXXXX,combinedcarename,Check Up,Tiruvarur,TIRUVARUR
IP,UH3259880003149,OP3260330005360,Pat Name,35,Male,,OPBCN190107231,25-Dec-19,LacXXXXXX,415,0,415,Cash,Dr Kishore,MedXXXX,combinedcarename,Check Up,Tiruchirappalli,TIRUCHIRAPPALLI
IP,UH3098770003681,OP3100110003335,Pat Name,1,Female,,OPBCN190107802,26-Dec-19,LacXXXXXX,415,0,415,Cash,Dr Neha,PedXXXX,combinedcarename,Check Up,Pudukkottai,PUDUKKOTTAI
IP,UH3815880003369,OP3148880004839,Pat Name,2,Male,,OPBCN190107804,26-Dec-19,BilXXXXXX,160,0,160,Cash,Dr David,PaeXXXX,combinedcarename,Check Up,Pudukkottai,PUDUKKOTTAI
IP,UH3105770002641,OP3517550005158,Pat Name,15,Male,,OPBCN190107309,25-Dec-19,BilXXXXXX,160,0,160,Cash,Dr David,PaeXXXX,combinedcarename,Check Up,Thanjavur,THANJAVUR